<?xml version="1.0" encoding="UTF-8"?>    
<beans xmlns="http://www.springframework.org/schema/beans"    
	xmlns:xsi="http://www.w3.org/2001/XMLSchema-instance" xmlns:dubbo="http://code.alibabatech.com/schema/dubbo"    
	xsi:schemaLocation="http://www.springframework.org/schema/beans    
	http://www.springframework.org/schema/beans/spring-beans.xsd    
	http://code.alibabatech.com/schema/dubbo    
	http://code.alibabatech.com/schema/dubbo/dubbo.xsd ">     
	<!-- 具体的实现bean -->    
	<bean id="providerService1" class="com.dongnao.jack.service.ProviderServiceImpl" />    
	<bean id="providerService2" class="com.dongnao.jack.service.ProviderService2Impl" />    
	<!-- 提供方应用信息，用于计算依赖关系 -->    
	<dubbo:application name="dubbo_provider"  />      
	<!-- 使用multicast广播注册中心暴露服务地址     
		<dubbo:registry address="multicast://localhost:1234" />-->     
	<!-- 使用zookeeper注册中心暴露服务地址 -->    
	<dubbo:registry address="zookeeper://127.0.0.1:2181" check="false" />       
	<!-- 用dubbo协议在20880端口暴露服务 -->    
	<dubbo:protocol name="dubbo" port="29018" />   
	<bean id="userService3Impl" class="com.dongnao.jack.service.UserService3Impl"></bean> 
	<!-- 声明需要暴露的服务接口 -->    
	<dubbo:service interface="com.dongnao.jack.service.ProviderService" ref="providerService1" retries="2" group="new"/>   
	<dubbo:service interface="com.dongnao.jack.service.ProviderService" ref="providerService2" retries="2" group="old"/>     
    <dubbo:service interface="com.dongnao.jack.service.UserService" ref="userService3Impl"/>
    
    <bean id="genericService" class="com.dongnao.jack.service.MyGenericService" />
	<dubbo:service interface="com.alibaba.dubbo.rpc.service.GenericService" ref="genericService" />
    
	<bean id="validationService" class="com.dongnao.jack.service.ValidationServiceImpl"/>

	<dubbo:service interface="com.dongnao.jack.service.ValidationService" ref="validationService"
		validation="true"/>
                   
	<bean id="cacheService" class="com.dongnao.jack.service.CacheServiceImpl"/>

	<dubbo:service interface="com.dongnao.jack.service.CacheService" ref="cacheService"/>
	
	<bean id="asyncServiceImpl" class="com.dongnao.jack.service.AsyncServiceImpl"/>
	<dubbo:service interface="com.dongnao.jack.service.AsyncService" ref="asyncServiceImpl"/>
	
	<bean id="callbackService" class="com.dongnao.jack.callback.CallbackServiceImpl"/>
    <dubbo:service interface="com.dongnao.jack.callback.CallbackService" ref="callbackService"
                   connections="1" callbacks="1000">
        <dubbo:method name="addListener">
            <dubbo:argument index="1" callback="true"/>
            <!--<dubbo:argument type="com.demo.CallbackListener" callback="true" />-->
        </dubbo:method>
    </dubbo:service>
    
    <bean id="commonImpl" class="com.dongnao.jack.event.CommonImpl"/>
	<dubbo:service interface="com.dongnao.jack.event.Common" ref="commonImpl"/>
	
	<bean id="stubServiceImpl" class="com.dongnao.jack.stub.StubServiceImpl"/>
	<dubbo:service interface="com.dongnao.jack.stub.StubService" ref="stubServiceImpl"/>
	
	<bean id="mockServiceImpl" class="com.dongnao.jack.mock.MockServiceImpl"/>
	<dubbo:service interface="com.dongnao.jack.mock.MockService" ref="mockServiceImpl"/>
	
	<bean id="breakpointServiceImpl" class="com.dongnao.jack.breakpointservice.BreakpointServiceImpl"/>
	<dubbo:service interface="com.dongnao.jack.breakpointservice.BreakpointService" ref="breakpointServiceImpl"/>
	
	
	
	<bean id="dubboTestServiceImpl1" class="com.dongnao.jack.test.service.DubboTestServiceImpl"/>
	<bean id="dubboTestServiceImpl2" class="com.dongnao.jack.test.service.DubboTestService1Impl"/>
	<dubbo:service interface="com.dongnao.jack.test.service.DubboTestService" ref="dubboTestServiceImpl1" group="dubboTestServiceImpl1"/>
	<dubbo:service interface="com.dongnao.jack.test.service.DubboTestService" ref="dubboTestServiceImpl2" group="dubboTestServiceImpl2"/>
    
	<!-- 扫描注解包路径，多个包用逗号分隔，不填pacakge表示扫描当前ApplicationContext中所有的类 -->
	<dubbo:annotation package="com.dongnao.jack.service" />
</beans>   