<?xml version="1.0" encoding="UTF-8"?>
<beans xmlns="http://www.springframework.org/schema/beans" 
	   xmlns:xsi="http://www.w3.org/2001/XMLSchema-instance"
	   xmlns:jack="http://www.dongnaoedu.com/schema/soa"
       xsi:schemaLocation="http://www.springframework.org/schema/beans 
       http://www.springframework.org/schema/beans/spring-beans-3.2.xsd
	   http://www.dongnaoedu.com/schema/soa 
	   http://www.dongnaoedu.com/schema/soa.xsd"
       default-lazy-init="true">
	<bean id="frameworkTestServiceImpl" class="com.dongnao.jack.frameworkservice.FrameworkTestServiceImpl"></bean>
 	<jack:protocol  name="netty" port="1124" host="127.0.0.1" contextpath="/dubbo-provider-web/api/httpService"></jack:protocol>
 	<jack:service interface="com.dongnao.jack.frameworkservice.FrameworkTestService" ref="frameworkTestServiceImpl"></jack:service>
 	<jack:registry  protocol="redis" address="127.0.0.1:6379"></jack:registry>
</beans>  