<?xml version="1.0" encoding="UTF-8"?>
<beans xmlns="http://www.springframework.org/schema/beans" 
	   xmlns:xsi="http://www.w3.org/2001/XMLSchema-instance"
	   xmlns:jack="http://www.dongnaoedu.com/schema/soa"
       xsi:schemaLocation="http://www.springframework.org/schema/beans 
       http://www.springframework.org/schema/beans/spring-beans-3.2.xsd
	   http://www.dongnaoedu.com/schema/soa 
	   http://www.dongnaoedu.com/schema/soa.xsd"
       default-lazy-init="true">
	<!--<bean id="testServiceImpl" class="com.dongnao.jack.test.service.TestServiceImpl"></bean>
	<bean id="testServiceImpl2" class="com.dongnao.jack.test.service.Test2ServiceImpl"></bean>
 	
 	<jack:service id="service1" interface="com.dongnao.jack.test.service.TestService" ref="testServiceImpl"></jack:service>
 	<jack:service id="service2" interface="com.dongnao.jack.test.service.Test2Service" ref="testServiceImpl2"></jack:service>-->
 	<jack:registry id="registry" protocol="redis" address="127.0.0.1:6379"></jack:registry>
 	<jack:reference id="providerService" interface="com.dongnao.jack.service.ProviderService" loadbalance="roundrob" protocol="netty" cluster="failover" retries="3"></jack:reference>
 	<jack:reference id="userService" interface="com.dongnao.jack.service.UserService" loadbalance="roundrob" protocol="netty" cluster="failover" retries="3"></jack:reference>
 	
 	<jack:protocol id="protocol" name="netty" port="1125" host="127.0.0.1"></jack:protocol>
</beans>  